<?xml version="1.0" encoding="UTF-8"?>

<!DOCTYPE configuration
  PUBLIC "-//mybatis.org//DTD Config 3.0//EN"
  "http://mybatis.org/dtd/mybatis-3-config.dtd">
<configuration>

<typeAliases>
 <typeAlias type="com.gipkok.domain.MemberVO" alias="mvo"/>
 <typeAlias type="com.gipkok.domain.ProductVO" alias="pvo"/>
 <typeAlias type="com.gipkok.domain.Paging" alias="paging"/>
 <typeAlias type="com.gipkok.domain.CartVO" alias="cavo"/>
 <typeAlias type="com.gipkok.domain.CommentVO" alias="cvo"/>
 <typeAlias type="com.gipkok.domain.OrderVO" alias="ovo"/>
</typeAliases>
  <environments default="development">
    <environment id="development">
      <transactionManager type="JDBC"/>
      <dataSource type="POOLED">
        <property name="driver" value="com.mysql.jdbc.Driver"/>
        <property name="url" value="jdbc:mysql://localhost:3306/jsp_db"/>
        <property name="username" value="jspuser"/>
        <property name="password" value="mysql"/>
      </dataSource>
    </environment>
  </environments>
  <mappers>
    <mapper resource="com/gipkok/mappers/productMapper.xml"/>
    <mapper resource="com/gipkok/mappers/memberMapper.xml"/>
    <mapper resource="com/gipkok/mappers/commentMapper.xml"/>
    <mapper resource="com/gipkok/mappers/cartMapper.xml"/>
    <mapper resource="com/gipkok/mappers/orderMapper.xml"/>
  </mappers>
</configuration>