<?xml version="1.0" encoding="UTF-8"?>
<Configuration status="WARN" monitorInterval="30">
   <Properties>
      <Property name="baseDir">C:/_java/_jsp/workspace/Jsp_Project_01/Jsp_Project_01/logDir</Property>
   </Properties>
   <Appenders>
      <Console name="Console" target="SYSTEM_OUT">
         <PatternLayout pattern="%d{HH:mm:ss.SSS}[%t]%-5level %logger{36}-%msg%n" />
      </Console>
      <RollingFile name="RollingFile" fileName="${baseDir}/app.log"
         filePattern="${baseDir}/$${date:yyyy-MM}/app-%d{MM-dd-yyyy}-%i.log.zip">
         <PatternLayout>
            <Pattern>%d %p %c{1.} [%t] %m%n</Pattern>
         </PatternLayout>
         <Policies>
            <TimeBasedTriggeringPolicy />
            <SizeBasedTriggeringPolicy size="10 MB" />
         </Policies>
         <DefaultRolloverStrategy max="100" />
      </RollingFile>
   </Appenders>
   <Loggers>
      <Root level="trace">
         <AppenderRef ref="Console" />
         <AppenderRef ref="RollingFile"/>
      </Root>
   </Loggers>
</Configuration>
<!-- http://logging.apache.org/log4j/2.x/manual/appenders.html#ConsoleAppender -->
<!-- http://logging.apache.org/log4j/2.x/manual/appenders.html#RollingFileAppender -->