<?xml version="1.0" encoding="UTF-8"?>
<!DOCTYPE mapper PUBLIC "-//mybatis.org//DTD Mapper 3.0//EN"
 "http://mybatis.org/dtd/mybatis-3-mapper.dtd">
<mapper namespace="com.gipkok.mappers.commentMapper">

	<sql id="base"></sql>
	<insert id="add" parameterType="cvo">
	insert into comment(pno, writer, comment)
	values(#{pno}, #{writer}, #{comment})
	</insert>
	<select id="list" parameterType="java.lang.Integer" resultType="cvo">
	select * from comment where pno=#{pno}
	</select>
	<update id="mod" parameterType="cvo">
	update comment set comment=#{comment}, regdate=now()
	where cno=#{cno}
	</update>
	<delete id="rm" parameterType="java.lang.Integer">
	delete from comment where cno=#{cno}
	</delete>

</mapper>