<?xml version="1.0" encoding="UTF-8"?>
<!DOCTYPE mapper PUBLIC "-//mybatis.org//DTD Mapper 3.0//EN"
 "http://mybatis.org/dtd/mybatis-3-mapper.dtd">
<mapper namespace="com.gipkok.mappers.memberMapper">
	<insert id="join" parameterType="mvo">
		insert into member
		values (#{id},#{pwd},#{nickname},0,0)
	</insert>
	<select id="login" parameterType="mvo" resultType="mvo">
		select id, nickname, grade , cpn from member
		where id=#{id} and pwd=#{pwd}
	</select>
	<select id="list" resultType="mvo">
		select id, nickname, grade,cpn from member
	</select>
	<select id="info" parameterType="java.lang.String" resultType="mvo">
		 select id, nickname, pwd from member where id=#{id}
	</select>
	<update id="edit" parameterType="mvo">
		update member set pwd=#{pwd}, nickname=#{nickname}, grade=#{grade}
		where id=#{id}
	</update>
	<delete id="rm" parameterType="java.lang.String">
	   delete from member where id=#{id}
	</delete>
	<select id="chk" parameterType="java.lang.String" resultType="java.lang.Integer">
		select count(id) from member where id=#{id}
	</select>	
</mapper>